timestamp,project_name,run_id,duration,emissions,emissions_rate,cpu_power,gpu_power,ram_power,cpu_energy,gpu_energy,ram_energy,energy_consumed,country_name,country_iso_code,region,cloud_provider,cloud_region,os,python_version,codecarbon_version,cpu_count,cpu_model,gpu_count,gpu_model,longitude,latitude,ram_total_size,tracking_mode,on_cloud,pue
2024-06-13T22:21:00,codecarbon,1ad4c0d6-41a7-4fe6-8253-8b18fa7b1f49,0.4371130466461181,2.905552973868176e-06,6.647143104425522e-06,42.5,14.096022497939732,11.880045890808104,5.148540768358443e-06,1.6705568920000191e-06,1.3815209349021036e-06,8.200618595260566e-06,The Netherlands,NLD,overijssel,,,Windows-11-10.0.22631-SP0,3.12.4,2.4.2,20,13th Gen Intel(R) Core(TM) i7-13700H,1,1 x NVIDIA RTX A500 Laptop GPU,6.8799,52.2203,31.68012237548828,machine,N,1.0
2024-06-13T22:28:19,codecarbon,dd5a7fc9-68ca-497a-955a-57f0c12063b4,0.4345355033874511,4.048479971752886e-06,9.316799065191876e-06,42.5,41.03038245165141,11.880045890808104,5.118077662256029e-06,4.912503929999871e-06,1.3958286083116417e-06,1.1426410200567544e-05,The Netherlands,NLD,overijssel,,,Windows-11-10.0.22631-SP0,3.12.4,2.4.2,20,13th Gen Intel(R) Core(TM) i7-13700H,1,1 x NVIDIA RTX A500 Laptop GPU,6.8799,52.2203,31.68012237548828,machine,N,1.0
2024-06-13T23:02:41,codecarbon,7e4a94dd-e799-400e-80a9-e2f476c59903,0.4301204681396484,4.445095132567608e-06,1.0334535233334692e-05,42.5,51.5324682285867,11.880045890808104,5.0659838649961685e-06,6.099727102000432e-06,1.3801039362872795e-06,1.254581490328388e-05,The Netherlands,NLD,overijssel,,,Windows-11-10.0.22631-SP0,3.12.4,2.4.2,20,13th Gen Intel(R) Core(TM) i7-13700H,1,1 x NVIDIA RTX A500 Laptop GPU,6.8799,52.2203,31.68012237548828,machine,N,1.0
2024-06-13T23:03:16,codecarbon,dcdc97c5-141c-4ace-b0aa-650eb02a32a0,0.4298515319824219,2.584558974499908e-06,6.0126782905256685e-06,42.5,7.073909600745405,11.880045890808104,5.074636141459147e-06,8.37222891999622e-07,1.3827876577060275e-06,7.294646691164797e-06,The Netherlands,NLD,overijssel,,,Windows-11-10.0.22631-SP0,3.12.4,2.4.2,20,13th Gen Intel(R) Core(TM) i7-13700H,1,1 x NVIDIA RTX A500 Laptop GPU,6.8799,52.2203,31.68012237548828,machine,N,1.0
2024-06-13T23:03:40,codecarbon,1edd7e73-67e0-4c12-8677-540c2e4b166f,0.4297926425933838,2.598626483350714e-06,6.0462330571098455e-06,42.5,7.497264405651787,11.880045890808104,5.062127775616116e-06,8.869451540000593e-07,1.3852778301746107e-06,7.334350759790787e-06,The Netherlands,NLD,overijssel,,,Windows-11-10.0.22631-SP0,3.12.4,2.4.2,20,13th Gen Intel(R) Core(TM) i7-13700H,1,1 x NVIDIA RTX A500 Laptop GPU,6.8799,52.2203,31.68012237548828,machine,N,1.0
2024-06-13T23:04:12,codecarbon,8ec8f37a-f0ce-4b1d-968c-36e4bb6d2129,0.4386823177337646,3.396597000164535e-06,7.742726029422325e-06,42.5,24.932426739719347,11.880045890808104,5.166996518770854e-06,3.010280186000174e-06,1.4092621643080368e-06,9.586538869079064e-06,The Netherlands,NLD,overijssel,,,Windows-11-10.0.22631-SP0,3.12.4,2.4.2,20,13th Gen Intel(R) Core(TM) i7-13700H,1,1 x NVIDIA RTX A500 Laptop GPU,6.8799,52.2203,31.68012237548828,machine,N,1.0
2024-06-13T23:04:41,codecarbon,3fde2b4a-860e-4675-9776-516e40348f76,0.4765355587005615,3.203902402780292e-06,6.7233228334876765e-06,42.5,14.292713227906166,11.880045890808104,5.625767012437185e-06,1.8800015039997264e-06,1.536910057294752e-06,9.042678573731664e-06,The Netherlands,NLD,overijssel,,,Windows-11-10.0.22631-SP0,3.12.4,2.4.2,20,13th Gen Intel(R) Core(TM) i7-13700H,1,1 x NVIDIA RTX A500 Laptop GPU,6.8799,52.2203,31.68012237548828,machine,N,1.0
2024-06-13T23:05:40,codecarbon,08115629-7b9c-4256-9076-c6db55b7c0bb,0.46999192237854,3.27213152312537e-06,6.9621016177591576e-06,42.5,16.92307776788267,11.880045890808104,5.536699791749319e-06,2.1905573080001003e-06,1.5079910117164746e-06,9.235248111465894e-06,The Netherlands,NLD,overijssel,,,Windows-11-10.0.22631-SP0,3.12.4,2.4.2,20,13th Gen Intel(R) Core(TM) i7-13700H,1,1 x NVIDIA RTX A500 Laptop GPU,6.8799,52.2203,31.68012237548828,machine,N,1.0
2024-06-13T23:07:50,codecarbon,2c78f6a6-663e-45c2-870e-54df894546fc,0.4319257736206054,3.249446387326933e-06,7.523159268983978e-06,42.5,22.5661909075714,11.880045890808104,5.099123716354371e-06,2.683335479999969e-06,1.3887624980619269e-06,9.171221694416267e-06,The Netherlands,NLD,overijssel,,,Windows-11-10.0.22631-SP0,3.12.4,2.4.2,20,13th Gen Intel(R) Core(TM) i7-13700H,1,1 x NVIDIA RTX A500 Laptop GPU,6.8799,52.2203,31.68012237548828,machine,N,1.0
2024-06-13T23:10:57,codecarbon,1df72f11-d86d-425d-853d-a2ecbf64cf92,0.4368607997894287,4.898804304313593e-06,1.121365045038343e-05,42.5,60.48934188381891,11.880045890808104,5.151445501380497e-06,7.273061373999981e-06,1.401854589650308e-06,1.3826361465030783e-05,The Netherlands,NLD,overijssel,,,Windows-11-10.0.22631-SP0,3.12.4,2.4.2,20,13th Gen Intel(R) Core(TM) i7-13700H,1,1 x NVIDIA RTX A500 Laptop GPU,6.8799,52.2203,31.68012237548828,machine,N,1.0
2024-06-13T23:11:48,codecarbon,99158476-bf26-4f54-adc7-651066a76c6f,0.4516904354095459,3.171437754342998e-06,7.021263913785264e-06,42.5,17.52247558916017,11.880045890808104,5.314572155475616e-06,2.18194619000002e-06,1.4545321622534856e-06,8.951050507729122e-06,The Netherlands,NLD,overijssel,,,Windows-11-10.0.22631-SP0,3.12.4,2.4.2,20,13th Gen Intel(R) Core(TM) i7-13700H,1,1 x NVIDIA RTX A500 Laptop GPU,6.8799,52.2203,31.68012237548828,machine,N,1.0
2024-06-13T23:13:42,codecarbon,b192b433-5464-4ff6-aa62-6fd5d67f6702,0.4368667602539062,3.16256808301617e-06,7.239205109535205e-06,42.5,19.563656337760456,11.880045890808104,5.1574548085530606e-06,2.3583352199998096e-06,1.4102267619214597e-06,8.92601679047433e-06,The Netherlands,NLD,overijssel,,,Windows-11-10.0.22631-SP0,3.12.4,2.4.2,20,13th Gen Intel(R) Core(TM) i7-13700H,1,1 x NVIDIA RTX A500 Laptop GPU,6.8799,52.2203,31.68012237548828,machine,N,1.0
2024-06-13T23:14:39,codecarbon,40f32090-fb14-4e9a-b837-93ef28afb400,8.134958744049072,4.660338845483376e-05,5.728779938672132e-06,42.5,3.8530364451290513,11.880045890808104,9.602603216965994e-05,8.701395850000196e-06,2.6805749107744912e-05,0.0001315331771274,The Netherlands,NLD,overijssel,,,Windows-11-10.0.22631-SP0,3.12.4,2.4.2,20,13th Gen Intel(R) Core(TM) i7-13700H,1,1 x NVIDIA RTX A500 Laptop GPU,6.8799,52.2203,31.68012237548828,machine,N,1.0
2024-06-13T23:15:10,codecarbon,8cf167e4-c4d2-450c-8854-5766267807b5,0.1360335350036621,9.55610206975831e-07,7.024813454639001e-06,42.5,19.2486349429211,11.880045890808104,1.594042612446679e-06,6.997227819998883e-07,4.033442103781226e-07,2.6971096048246896e-06,The Netherlands,NLD,overijssel,,,Windows-11-10.0.22631-SP0,3.12.4,2.4.2,20,13th Gen Intel(R) Core(TM) i7-13700H,1,1 x NVIDIA RTX A500 Laptop GPU,6.8799,52.2203,31.68012237548828,machine,N,1.0
2024-06-13T23:15:43,codecarbon,5601bbab-f0bd-4b42-a633-7ecb2c8afe33,0.2388744354248047,1.8318408694941308e-06,7.668635056055533e-06,42.5,24.677254921857525,11.880045890808104,2.808235088984172e-06,1.610001288000068e-06,7.519423920962254e-07,5.170178769080465e-06,The Netherlands,NLD,overijssel,,,Windows-11-10.0.22631-SP0,3.12.4,2.4.2,20,13th Gen Intel(R) Core(TM) i7-13700H,1,1 x NVIDIA RTX A500 Laptop GPU,6.8799,52.2203,31.68012237548828,machine,N,1.0
2024-06-13T23:19:32,codecarbon,1aa6aec0-ec3d-434f-988c-c922754d0850,1.319532871246338,6.786019151974261e-06,5.1427435419359165e-06,42.5,3.025430378887915,11.880045890808104,1.5565966069698333e-05,7.327783639998059e-07,2.854083047326223e-06,1.915282748102436e-05,The Netherlands,NLD,overijssel,,,Windows-11-10.0.22631-SP0,3.12.4,2.4.2,20,13th Gen Intel(R) Core(TM) i7-13700H,1,1 x NVIDIA RTX A500 Laptop GPU,6.8799,52.2203,31.68012237548828,machine,N,1.0
2024-06-13T23:24:01,codecarbon,90875d64-f78d-4abd-aec2-cfb1c7c28866,1.3641595840454102,7.020418981138963e-06,5.146332630908136e-06,42.5,3.106558666625371,11.880045890808104,1.6092873944176567e-05,7.769450660003591e-07,2.944577409724805e-06,1.981439641990173e-05,The Netherlands,NLD,overijssel,,,Windows-11-10.0.22631-SP0,3.12.4,2.4.2,20,13th Gen Intel(R) Core(TM) i7-13700H,1,1 x NVIDIA RTX A500 Laptop GPU,6.8799,52.2203,31.68012237548828,machine,N,1.0
2024-06-13T23:24:16,codecarbon,2072533d-70d7-4ca9-a3be-9f44eb230328,10.49075412750244,5.493622136762987e-05,5.236632247781854e-06,42.5,0.5896548095815656,11.880045890808104,0.0001238373309373,1.4772234039998888e-06,2.973716990956461e-05,0.0001550517242509,The Netherlands,NLD,overijssel,,,Windows-11-10.0.22631-SP0,3.12.4,2.4.2,20,13th Gen Intel(R) Core(TM) i7-13700H,1,1 x NVIDIA RTX A500 Laptop GPU,6.8799,52.2203,31.68012237548828,machine,N,1.0
2024-06-13T23:24:22,codecarbon,a871ad43-5eb7-44ac-b822-9efb5235201a,0.1101877689361572,6.465829726918495e-07,5.868010387491188e-06,42.5,6.872183779359242,11.880045890808104,1.2889696492089166e-06,2.055557200000488e-07,3.303872711469088e-07,1.824912640355874e-06,The Netherlands,NLD,overijssel,,,Windows-11-10.0.22631-SP0,3.12.4,2.4.2,20,13th Gen Intel(R) Core(TM) i7-13700H,1,1 x NVIDIA RTX A500 Laptop GPU,6.8799,52.2203,31.68012237548828,machine,N,1.0
2024-06-13T23:24:28,codecarbon,0325f2bc-02d6-4591-984b-e6faf145624c,0.7776639461517334,4.388723032078421e-06,5.643469848121413e-06,42.5,3.095298650856648,11.880045890808104,9.180754919846852e-06,6.67778312000121e-07,2.53817732893026e-06,1.2386710560777236e-05,The Netherlands,NLD,overijssel,,,Windows-11-10.0.22631-SP0,3.12.4,2.4.2,20,13th Gen Intel(R) Core(TM) i7-13700H,1,1 x NVIDIA RTX A500 Laptop GPU,6.8799,52.2203,31.68012237548828,machine,N,1.0
2024-06-16T12:57:16,codecarbon,fcf70387-5492-4c15-b8ff-f2d4753bd947,1.3805453777313232,7.07719551251292e-06,5.126376594837477e-06,42.5,3.473268731641586,11.880045890808104,1.6287437578042348e-05,8.386117819999725e-07,2.848592866130085e-06,1.9974642226172405e-05,The Netherlands,NLD,overijssel,,,Windows-11-10.0.22631-SP0,3.12.4,2.4.2,20,13th Gen Intel(R) Core(TM) i7-13700H,1,1 x NVIDIA RTX A500 Laptop GPU,6.8799,52.2203,31.68012237548828,machine,N,1.0
2024-06-16T12:57:32,codecarbon,a27c6ce1-5341-4c99-acaf-c6bcc07239a2,10.217912435531616,5.330919860012565e-05,5.217229931893821e-06,42.5,0.3846095140231082,11.880045890808104,0.0001206281329194,9.361118599999878e-07,2.889537831823702e-05,0.0001504596230977,The Netherlands,NLD,overijssel,,,Windows-11-10.0.22631-SP0,3.12.4,2.4.2,20,13th Gen Intel(R) Core(TM) i7-13700H,1,1 x NVIDIA RTX A500 Laptop GPU,6.8799,52.2203,31.68012237548828,machine,N,1.0
2024-06-16T12:57:38,codecarbon,964d79ab-9d07-41e8-9277-df5e582a14d5,0.5248360633850098,2.8480026859560287e-06,5.42646148892171e-06,42.5,1.0482237580063465,11.880045890808104,6.184170974625482e-06,1.5194456600000708e-07,1.7020734016707215e-06,8.038188942296211e-06,The Netherlands,NLD,overijssel,,,Windows-11-10.0.22631-SP0,3.12.4,2.4.2,20,13th Gen Intel(R) Core(TM) i7-13700H,1,1 x NVIDIA RTX A500 Laptop GPU,6.8799,52.2203,31.68012237548828,machine,N,1.0
2024-06-16T12:57:44,codecarbon,99412c93-88ca-4b5c-80b3-ca76cd43e666,0.7566654682159424,4.283631518532148e-06,5.661195995413994e-06,42.5,3.265531217024539,11.880045890808104,8.932856221993764e-06,6.850005480000111e-07,2.4722440135938464e-06,1.2090100783587625e-05,The Netherlands,NLD,overijssel,,,Windows-11-10.0.22631-SP0,3.12.4,2.4.2,20,13th Gen Intel(R) Core(TM) i7-13700H,1,1 x NVIDIA RTX A500 Laptop GPU,6.8799,52.2203,31.68012237548828,machine,N,1.0
2024-06-16T13:45:52,codecarbon,6f36fd6b-9ea0-4bde-9d86-a223b176eb9f,0.8821256160736084,5.349018536571881e-06,6.063783251619728e-06,42.5,7.404637568579409,11.880045890808104,1.0402167008982764e-05,1.8102792260000528e-06,2.8845976915668337e-06,1.5097043926549651e-05,The Netherlands,NLD,overijssel,,,Windows-11-10.0.22631-SP0,3.12.4,2.4.2,20,13th Gen Intel(R) Core(TM) i7-13700H,1,1 x NVIDIA RTX A500 Laptop GPU,6.8799,52.2203,31.68012237548828,machine,N,1.0
2024-06-16T13:46:07,codecarbon,0f71b079-65c8-4c7c-bc54-e681199038cb,9.978752613067629,5.1983048639517056e-05,5.209373421227309e-06,42.5,0.3505930319964922,11.880045890808104,0.0001177929220928,8.297228859999086e-07,2.809405891388697e-05,0.0001467167038926,The Netherlands,NLD,overijssel,,,Windows-11-10.0.22631-SP0,3.12.4,2.4.2,20,13th Gen Intel(R) Core(TM) i7-13700H,1,1 x NVIDIA RTX A500 Laptop GPU,6.8799,52.2203,31.68012237548828,machine,N,1.0
2024-06-16T13:46:13,codecarbon,7c28d880-2e4d-418e-80fe-3be03054fc66,0.529144287109375,2.868158414840061e-06,5.420371125063679e-06,42.5,0.969377642136097,11.880045890808104,6.235034763813019e-06,1.4194455799990124e-07,1.7180970517481833e-06,8.095076373561104e-06,The Netherlands,NLD,overijssel,,,Windows-11-10.0.22631-SP0,3.12.4,2.4.2,20,13th Gen Intel(R) Core(TM) i7-13700H,1,1 x NVIDIA RTX A500 Laptop GPU,6.8799,52.2203,31.68012237548828,machine,N,1.0
2024-06-16T13:46:19,codecarbon,eb968cff-c8b4-4539-a807-4bb0a04b0f92,0.713261604309082,3.967481758315043e-06,5.562449645888676e-06,42.5,2.277647391839322,11.880045890808104,8.420449495315552e-06,4.500003600001537e-07,2.32735138121806e-06,1.1197801236533768e-05,The Netherlands,NLD,overijssel,,,Windows-11-10.0.22631-SP0,3.12.4,2.4.2,20,13th Gen Intel(R) Core(TM) i7-13700H,1,1 x NVIDIA RTX A500 Laptop GPU,6.8799,52.2203,31.68012237548828,machine,N,1.0
2024-06-16T14:19:11,codecarbon,eb17b161-7a53-4986-8644-545ac3e1d023,8.102015495300293,4.491528478151067e-05,5.543717462348044e-06,42.5,1.969002371625452,11.880045890808104,9.563697808318668e-05,4.429170209999979e-06,2.670253322918692e-05,0.0001267686815223,The Netherlands,NLD,overijssel,,,Windows-11-10.0.22631-SP0,3.12.4,2.4.2,20,13th Gen Intel(R) Core(TM) i7-13700H,1,1 x NVIDIA RTX A500 Laptop GPU,6.8799,52.2203,31.68012237548828,machine,N,1.0
2024-06-16T14:19:51,codecarbon,df3d0c27-9c89-4b22-9998-754d218724fb,8.11808705329895,4.503902317782048e-05,5.547984750855555e-06,42.5,2.005927362140521,11.880045890808104,9.583852771255708e-05,4.52139250600031e-06,2.675799995231178e-05,0.0001271179201708,The Netherlands,NLD,overijssel,,,Windows-11-10.0.22631-SP0,3.12.4,2.4.2,20,13th Gen Intel(R) Core(TM) i7-13700H,1,1 x NVIDIA RTX A500 Laptop GPU,6.8799,52.2203,31.68012237548828,machine,N,1.0
2024-06-16T14:22:01,codecarbon,c3934772-b48c-4330-aec4-39eff597e42a,0.884174108505249,5.041429370192467e-06,5.701851390689686e-06,42.5,3.720859510611883,11.880045890808104,1.0438166558742524e-05,9.097229500001046e-07,2.881016249204436e-06,1.4228905757947064e-05,The Netherlands,NLD,overijssel,,,Windows-11-10.0.22631-SP0,3.12.4,2.4.2,20,13th Gen Intel(R) Core(TM) i7-13700H,1,1 x NVIDIA RTX A500 Laptop GPU,6.8799,52.2203,31.68012237548828,machine,N,1.0
2024-06-16T14:22:56,codecarbon,500884e1-774b-4b73-b3e9-03943892ed6f,1.3547961711883545,6.963247452549123e-06,5.139701159947431e-06,42.5,3.224120935826876,11.880045890808104,1.5982311136192748e-05,7.877784079998729e-07,2.882946231215631e-06,1.9653035775408253e-05,The Netherlands,NLD,overijssel,,,Windows-11-10.0.22631-SP0,3.12.4,2.4.2,20,13th Gen Intel(R) Core(TM) i7-13700H,1,1 x NVIDIA RTX A500 Laptop GPU,6.8799,52.2203,31.68012237548828,machine,N,1.0
2024-06-16T14:23:32,codecarbon,b6de05d3-f278-4e4e-b7a5-d4b2aa12f447,9.990843534469604,5.203421531118111e-05,5.208190392698759e-06,42.5,0.3343884225905746,11.880045890808104,0.0001179356480638,7.925006340002948e-07,2.813296776036054e-05,0.0001468611164581,The Netherlands,NLD,overijssel,,,Windows-11-10.0.22631-SP0,3.12.4,2.4.2,20,13th Gen Intel(R) Core(TM) i7-13700H,1,1 x NVIDIA RTX A500 Laptop GPU,6.8799,52.2203,31.68012237548828,machine,N,1.0
2024-06-16T14:30:35,codecarbon,02a8ad28-3234-41ab-8068-8e569b9029ea,1.3841919898986816,7.103648144960092e-06,5.131981832578049e-06,42.5,3.6875306633177263,11.880045890808104,1.632918185657925e-05,8.866673759998049e-07,2.833452774877969e-06,2.0049302007457024e-05,The Netherlands,NLD,overijssel,,,Windows-11-10.0.22631-SP0,3.12.4,2.4.2,20,13th Gen Intel(R) Core(TM) i7-13700H,1,1 x NVIDIA RTX A500 Laptop GPU,6.8799,52.2203,31.68012237548828,machine,N,1.0
2024-06-16T14:30:50,codecarbon,034f8c5a-6dc4-4d58-86f5-0fc3d56d6937,10.108303546905518,5.26678859404193e-05,5.210358562742476e-06,42.5,0.3393948969183282,11.880045890808104,0.0001193164151575,8.152784299999064e-07,2.8517891775530297e-05,0.0001486495853631,The Netherlands,NLD,overijssel,,,Windows-11-10.0.22631-SP0,3.12.4,2.4.2,20,13th Gen Intel(R) Core(TM) i7-13700H,1,1 x NVIDIA RTX A500 Laptop GPU,6.8799,52.2203,31.68012237548828,machine,N,1.0
2024-06-16T14:30:55,codecarbon,94b89f78-7ed2-4fe9-8c22-9ea179303d90,0.5399842262268066,2.92930797333266e-06,5.424802857301018e-06,42.5,0.9963122676188368,11.880045890808104,6.374813781844246e-06,1.488890079997564e-07,1.7439618004787389e-06,8.26766459032274e-06,The Netherlands,NLD,overijssel,,,Windows-11-10.0.22631-SP0,3.12.4,2.4.2,20,13th Gen Intel(R) Core(TM) i7-13700H,1,1 x NVIDIA RTX A500 Laptop GPU,6.8799,52.2203,31.68012237548828,machine,N,1.0
2024-06-16T14:31:01,codecarbon,2938946f-0144-4a72-ba9d-e16b727462ff,0.7281038761138916,4.0440249116018245e-06,5.554186764100195e-06,42.5,2.248990120984528,11.880045890808104,8.583871689107683e-06,4.5361147399999163e-07,2.376353097336808e-06,1.1413836260444482e-05,The Netherlands,NLD,overijssel,,,Windows-11-10.0.22631-SP0,3.12.4,2.4.2,20,13th Gen Intel(R) Core(TM) i7-13700H,1,1 x NVIDIA RTX A500 Laptop GPU,6.8799,52.2203,31.68012237548828,machine,N,1.0
2024-06-16T14:38:11,codecarbon,2b87312c-ad62-4214-8248-dd792df95fbe,0.4306952953338623,2.3739894258199115e-06,5.5119929368619286e-06,42.5,1.933598407127626,11.880045890808104,5.084597236580319e-06,2.2944462799981066e-07,1.386294355555151e-06,6.700336220135281e-06,The Netherlands,NLD,overijssel,,,Windows-11-10.0.22631-SP0,3.12.4,2.4.2,20,13th Gen Intel(R) Core(TM) i7-13700H,1,1 x NVIDIA RTX A500 Laptop GPU,6.8799,52.2203,31.68012237548828,machine,N,1.0
2024-06-16T14:38:24,codecarbon,09db9f66-3963-4a33-9579-dd6b7df37b25,8.209625720977783,4.5592088517727904e-05,5.55349172633144e-06,42.5,2.062847101095956,11.880045890808104,9.691919253932106e-05,4.702503761999221e-06,2.705719279753945e-05,0.0001286788890988,The Netherlands,NLD,overijssel,,,Windows-11-10.0.22631-SP0,3.12.4,2.4.2,20,13th Gen Intel(R) Core(TM) i7-13700H,1,1 x NVIDIA RTX A500 Laptop GPU,6.8799,52.2203,31.68012237548828,machine,N,1.0
2024-06-16T14:38:29,codecarbon,643e0c50-227d-444b-85c9-23a1e306b462,0.0770270824432373,4.210260293903578e-07,5.465948028092844e-06,42.5,2.688208275032854,11.880045890808104,9.09347501065996e-07,5.5277821999887705e-08,2.236764965050497e-07,1.1883018195709333e-06,The Netherlands,NLD,overijssel,,,Windows-11-10.0.22631-SP0,3.12.4,2.4.2,20,13th Gen Intel(R) Core(TM) i7-13700H,1,1 x NVIDIA RTX A500 Laptop GPU,6.8799,52.2203,31.68012237548828,machine,N,1.0
2024-06-16T14:38:34,codecarbon,eb14264f-2ede-41e2-86a1-c3febe9f0fa6,0.2083714008331298,1.1480462916496429e-06,5.50961546094818e-06,42.5,2.451457839306051,11.880045890808104,2.448129819499122e-06,1.391667779995255e-07,6.52943677655647e-07,3.2402402751542943e-06,The Netherlands,NLD,overijssel,,,Windows-11-10.0.22631-SP0,3.12.4,2.4.2,20,13th Gen Intel(R) Core(TM) i7-13700H,1,1 x NVIDIA RTX A500 Laptop GPU,6.8799,52.2203,31.68012237548828,machine,N,1.0
2024-06-16T15:06:16,codecarbon,db381fb2-15dd-431c-81b3-484e284e01f1,0.4358415603637695,2.3963444568362152e-06,5.49820089400409e-06,42.5,1.859805527353484,11.880045890808104,5.134484337435829e-06,2.2361129000010585e-07,1.4053353236158728e-06,6.763430951051808e-06,The Netherlands,NLD,overijssel,,,Windows-11-10.0.22631-SP0,3.12.4,2.4.2,20,13th Gen Intel(R) Core(TM) i7-13700H,1,1 x NVIDIA RTX A500 Laptop GPU,6.8799,52.2203,31.68012237548828,machine,N,1.0
2024-06-16T15:06:29,codecarbon,67c25833-041c-4a3f-8362-7aff59b20c6f,8.455617666244507,4.689731621959969e-05,5.546291006843589e-06,42.5,1.993584766106292,11.880045890808104,9.981174651119444e-05,4.680281522000118e-06,2.7870729389280388e-05,0.0001323627574224,The Netherlands,NLD,overijssel,,,Windows-11-10.0.22631-SP0,3.12.4,2.4.2,20,13th Gen Intel(R) Core(TM) i7-13700H,1,1 x NVIDIA RTX A500 Laptop GPU,6.8799,52.2203,31.68012237548828,machine,N,1.0
2024-06-16T15:06:34,codecarbon,76f8f090-caa3-4108-9346-bd457ddd6fc8,0.0838639736175537,4.522606649016603e-07,5.392788409527459e-06,42.5,2.453645892405054,11.880045890808104,9.78261729081472e-07,5.444448799999183e-08,2.437520859863677e-07,1.2764583030678313e-06,The Netherlands,NLD,overijssel,,,Windows-11-10.0.22631-SP0,3.12.4,2.4.2,20,13th Gen Intel(R) Core(TM) i7-13700H,1,1 x NVIDIA RTX A500 Laptop GPU,6.8799,52.2203,31.68012237548828,machine,N,1.0
2024-06-16T15:06:39,codecarbon,0933988c-45fc-4026-9720-270d70e3c808,0.217705488204956,1.1967043419001685e-06,5.496895607765048e-06,42.5,2.2216449744101565,11.880045890808104,2.559643983840943e-06,1.325001059999248e-07,6.854284299093175e-07,3.3775725197501853e-06,The Netherlands,NLD,overijssel,,,Windows-11-10.0.22631-SP0,3.12.4,2.4.2,20,13th Gen Intel(R) Core(TM) i7-13700H,1,1 x NVIDIA RTX A500 Laptop GPU,6.8799,52.2203,31.68012237548828,machine,N,1.0
2024-06-16T15:08:49,codecarbon,75926e33-9dd3-4ade-bbc6-e587fa4988f5,1.3813331127166748,7.111906500073221e-06,5.148581782772295e-06,42.5,3.2711061054389456,11.880045890808104,1.629561136166255e-05,8.197228780000738e-07,2.9572761091380546e-06,2.007261034880068e-05,The Netherlands,NLD,overijssel,,,Windows-11-10.0.22631-SP0,3.12.4,2.4.2,20,13th Gen Intel(R) Core(TM) i7-13700H,1,1 x NVIDIA RTX A500 Laptop GPU,6.8799,52.2203,31.68012237548828,machine,N,1.0
2024-06-16T15:09:03,codecarbon,bdbc2e4b-c435-4e3d-9a75-c5f32824f786,9.702937364578249,5.050127093780367e-05,5.204740486336097e-06,42.5,0.3538932270049439,11.880045890808104,0.0001145366994871,8.105562039999181e-07,2.7187286016286785e-05,0.0001425345417073,The Netherlands,NLD,overijssel,,,Windows-11-10.0.22631-SP0,3.12.4,2.4.2,20,13th Gen Intel(R) Core(TM) i7-13700H,1,1 x NVIDIA RTX A500 Laptop GPU,6.8799,52.2203,31.68012237548828,machine,N,1.0
2024-06-16T15:09:08,codecarbon,fc424b06-bf99-452b-a00b-0f08e2bfaac7,0.5152347087860107,2.8071172448592413e-06,5.448230092016383e-06,42.5,1.272323617504699,11.880045890808104,6.070832908153535e-06,1.813890340000325e-07,1.67057212985488e-06,7.922794072008448e-06,The Netherlands,NLD,overijssel,,,Windows-11-10.0.22631-SP0,3.12.4,2.4.2,20,13th Gen Intel(R) Core(TM) i7-13700H,1,1 x NVIDIA RTX A500 Laptop GPU,6.8799,52.2203,31.68012237548828,machine,N,1.0
2024-06-16T15:09:14,codecarbon,f044d254-064b-4b75-bb95-d4f6129bd5bb,0.7180290222167969,3.991381486788956e-06,5.558802448494658e-06,42.5,2.3155584649351257,11.880045890808104,8.464901480409836e-06,4.605559239998468e-07,2.339798309639226e-06,1.1265255714048907e-05,The Netherlands,NLD,overijssel,,,Windows-11-10.0.22631-SP0,3.12.4,2.4.2,20,13th Gen Intel(R) Core(TM) i7-13700H,1,1 x NVIDIA RTX A500 Laptop GPU,6.8799,52.2203,31.68012237548828,machine,N,1.0
2024-06-16T15:13:02,codecarbon,913d7e09-fc0e-4a9b-851c-8f09529238b5,1.35530686378479,6.957732807743401e-06,5.1336955442795e-06,42.5,3.249915962290137,11.880045890808104,1.6000150475237108e-05,7.869450739995433e-07,2.850375719467782e-06,1.9637471268704435e-05,The Netherlands,NLD,overijssel,,,Windows-11-10.0.22631-SP0,3.12.4,2.4.2,20,13th Gen Intel(R) Core(TM) i7-13700H,1,1 x NVIDIA RTX A500 Laptop GPU,6.8799,52.2203,31.68012237548828,machine,N,1.0
2024-06-16T15:13:17,codecarbon,406320f4-d0ce-4c2d-9d25-a4493c309360,9.735252857208252,5.076714625341269e-05,5.214774284555257e-06,42.5,0.4629692290844266,11.880045890808104,0.0001149182750119,1.064723074000254e-06,2.730194882035676e-05,0.0001432849469062,The Netherlands,NLD,overijssel,,,Windows-11-10.0.22631-SP0,3.12.4,2.4.2,20,13th Gen Intel(R) Core(TM) i7-13700H,1,1 x NVIDIA RTX A500 Laptop GPU,6.8799,52.2203,31.68012237548828,machine,N,1.0
2024-06-16T15:13:23,codecarbon,4e65c86c-030c-4fa8-b97f-e33c46032cc0,0.5369241237640381,2.911151643581674e-06,5.421905097452908e-06,42.5,1.0956636882077615,11.880045890808104,6.315066913763682e-06,1.6250012999964594e-07,1.738853209692479e-06,8.216420253455807e-06,The Netherlands,NLD,overijssel,,,Windows-11-10.0.22631-SP0,3.12.4,2.4.2,20,13th Gen Intel(R) Core(TM) i7-13700H,1,1 x NVIDIA RTX A500 Laptop GPU,6.8799,52.2203,31.68012237548828,machine,N,1.0
2024-06-16T15:13:29,codecarbon,98e403bb-1267-4e4c-b486-ef6626bc0ca0,0.7269103527069092,4.050919865584356e-06,5.572791542312357e-06,42.5,2.4554855862459,11.880045890808104,8.569744891590544e-06,4.944448400005276e-07,2.369106813470884e-06,1.1433296545061954e-05,The Netherlands,NLD,overijssel,,,Windows-11-10.0.22631-SP0,3.12.4,2.4.2,20,13th Gen Intel(R) Core(TM) i7-13700H,1,1 x NVIDIA RTX A500 Laptop GPU,6.8799,52.2203,31.68012237548828,machine,N,1.0
2024-06-16T15:32:38,codecarbon,46abc037-7dfe-4137-98a0-2e12f13ad6f9,1.3585546016693115,7.004263576362253e-06,5.155673218990115e-06,42.5,3.4036962123847743,11.880045890808104,1.6026729345321658e-05,8.377784479996972e-07,2.9042916906382736e-06,1.976879948395963e-05,The Netherlands,NLD,overijssel,,,Windows-11-10.0.22631-SP0,3.12.4,2.4.2,20,13th Gen Intel(R) Core(TM) i7-13700H,1,1 x NVIDIA RTX A500 Laptop GPU,6.8799,52.2203,31.68012237548828,machine,N,1.0
2024-06-16T15:32:53,codecarbon,6d803897-5b2e-48f6-a97a-a99d3c64f2aa,10.091869831085203,5.25891421669564e-05,5.211040475866042e-06,42.5,0.341909878208783,11.880045890808104,0.0001191283139917,8.20278434000149e-07,2.847874689375165e-05,0.0001484273393195,The Netherlands,NLD,overijssel,,,Windows-11-10.0.22631-SP0,3.12.4,2.4.2,20,13th Gen Intel(R) Core(TM) i7-13700H,1,1 x NVIDIA RTX A500 Laptop GPU,6.8799,52.2203,31.68012237548828,machine,N,1.0
2024-06-16T15:32:59,codecarbon,edbacbc5-2e9b-4645-8e19-65c11bb21a64,0.5388600826263428,2.9312230623610194e-06,5.439673779647161e-06,42.5,1.046745035050269,11.880045890808104,6.361542642116547e-06,1.5638901400012034e-07,1.7551380721742287e-06,8.273069728290896e-06,The Netherlands,NLD,overijssel,,,Windows-11-10.0.22631-SP0,3.12.4,2.4.2,20,13th Gen Intel(R) Core(TM) i7-13700H,1,1 x NVIDIA RTX A500 Laptop GPU,6.8799,52.2203,31.68012237548828,machine,N,1.0
2024-06-16T15:33:04,codecarbon,0d3fe2b3-b2e3-4d8c-9739-b0687abf5de1,0.7228991985321045,4.021287644214224e-06,5.5627225101089045e-06,42.5,2.35400830454835,11.880045890808104,8.522405061456892e-06,4.713892660006616e-07,2.355868379993353e-06,1.1349662707450906e-05,The Netherlands,NLD,overijssel,,,Windows-11-10.0.22631-SP0,3.12.4,2.4.2,20,13th Gen Intel(R) Core(TM) i7-13700H,1,1 x NVIDIA RTX A500 Laptop GPU,6.8799,52.2203,31.68012237548828,machine,N,1.0
2024-06-16T15:59:56,codecarbon,6728798d-177f-4e60-a6a6-4a3a19c241ba,0.0889146327972412,4.785985383061739e-07,5.382674631267482e-06,42.5,2.2134977074958746,11.880045890808104,1.03815495967865e-06,5.222226400012493e-08,2.604169653092944e-07,1.3507941889880694e-06,The Netherlands,NLD,overijssel,,,Windows-11-10.0.22631-SP0,3.12.4,2.4.2,20,13th Gen Intel(R) Core(TM) i7-13700H,1,1 x NVIDIA RTX A500 Laptop GPU,6.8799,52.2203,31.68012237548828,machine,N,1.0
2024-06-16T17:35:38,codecarbon,93785c52-19a7-47f6-8103-0eb13e11cf26,0.1940968036651611,1.0719744516103243e-06,5.522885649676135e-06,42.5,2.744996520253369,11.880045890808104,2.279613084263272e-06,1.450001159992304e-07,6.009222832005889e-07,3.025535483463092e-06,The Netherlands,NLD,overijssel,,,Windows-11-10.0.22631-SP0,3.12.4,2.4.2,20,13th Gen Intel(R) Core(TM) i7-13700H,1,1 x NVIDIA RTX A500 Laptop GPU,6.8799,52.2203,31.68012237548828,machine,N,1.0
2024-06-16T18:26:44,codecarbon,4ff56418-fa55-40f8-b99d-74e757841864,0.444807767868042,2.4688650952779622e-06,5.550409128669676e-06,42.5,2.2837057283676274,11.880045890808104,5.25120281510883e-06,2.8027800199996455e-07,1.4366320315006456e-06,6.96811284860944e-06,The Netherlands,NLD,overijssel,,,Windows-11-10.0.22631-SP0,3.12.4,2.4.2,20,13th Gen Intel(R) Core(TM) i7-13700H,1,1 x NVIDIA RTX A500 Laptop GPU,6.8799,52.2203,31.68012237548828,machine,N,1.0
2024-06-16T18:27:37,codecarbon,f24caeee-bf3d-4770-8b76-ce12f73368e2,0.4771382808685303,2.623144118505048e-06,5.497660162018782e-06,42.5,1.853810938759168,11.880045890808104,5.621274809042614e-06,2.441668619998505e-07,1.538107543075853e-06,7.403549214118317e-06,The Netherlands,NLD,overijssel,,,Windows-11-10.0.22631-SP0,3.12.4,2.4.2,20,13th Gen Intel(R) Core(TM) i7-13700H,1,1 x NVIDIA RTX A500 Laptop GPU,6.8799,52.2203,31.68012237548828,machine,N,1.0
2024-06-16T18:28:11,codecarbon,72be1c2d-0cf6-432c-99a3-96fbf8565abe,0.4711053371429443,2.600408375191888e-06,5.519802409716414e-06,42.5,1.9567833140021984,11.880045890808104,5.56166023015976e-06,2.544446480005902e-07,1.5232750845046897e-06,7.33937996266504e-06,The Netherlands,NLD,overijssel,,,Windows-11-10.0.22631-SP0,3.12.4,2.4.2,20,13th Gen Intel(R) Core(TM) i7-13700H,1,1 x NVIDIA RTX A500 Laptop GPU,6.8799,52.2203,31.68012237548828,machine,N,1.0
2024-06-16T18:28:27,codecarbon,e261531a-6042-4a95-b10b-4a199e289d54,8.282936334609985,4.596316839529429e-05,5.549139404010466e-06,42.5,2.0257463892738605,11.880045890808104,9.777339514758852e-05,4.658614837999356e-06,2.7294213156624967e-05,0.0001297262231422,The Netherlands,NLD,overijssel,,,Windows-11-10.0.22631-SP0,3.12.4,2.4.2,20,13th Gen Intel(R) Core(TM) i7-13700H,1,1 x NVIDIA RTX A500 Laptop GPU,6.8799,52.2203,31.68012237548828,machine,N,1.0
2024-06-16T18:28:35,codecarbon,efcbdca0-668f-4398-8fc5-637de0a0fc01,0.0892024040222168,4.803944559838257e-07,5.385442928916785e-06,42.5,2.265201082393679,11.880045890808104,1.0415044095781115e-06,5.3611154000529626e-08,2.607474147364049e-07,1.355862978315046e-06,The Netherlands,NLD,overijssel,,,Windows-11-10.0.22631-SP0,3.12.4,2.4.2,20,13th Gen Intel(R) Core(TM) i7-13700H,1,1 x NVIDIA RTX A500 Laptop GPU,6.8799,52.2203,31.68012237548828,machine,N,1.0
2024-06-16T18:28:49,codecarbon,eaac15dc-39a0-4cfc-807f-447e7fc3b4c6,0.2474620342254638,1.365681987301174e-06,5.518753580021469e-06,42.5,2.451277143280272,11.880045890808104,2.90957424375746e-06,1.6611124399948385e-07,7.788087173046657e-07,3.85449420506161e-06,The Netherlands,NLD,overijssel,,,Windows-11-10.0.22631-SP0,3.12.4,2.4.2,20,13th Gen Intel(R) Core(TM) i7-13700H,1,1 x NVIDIA RTX A500 Laptop GPU,6.8799,52.2203,31.68012237548828,machine,N,1.0
2024-06-16T20:54:28,codecarbon,745a60b5-38c9-4a6c-aa90-fec2e275c3cc,0.4421770572662353,2.704455988954423e-06,6.116228656626268e-06,42.5,8.10924363050019,11.880045890808104,5.220145814948612e-06,9.880563460011591e-07,1.4248412812276e-06,7.633043442177372e-06,The Netherlands,NLD,overijssel,,,Windows-11-10.0.22631-SP0,3.12.4,2.4.2,20,13th Gen Intel(R) Core(TM) i7-13700H,1,1 x NVIDIA RTX A500 Laptop GPU,6.8799,52.2203,31.68012237548828,machine,N,1.0
2024-06-16T20:54:41,codecarbon,ff641fd2-e036-4bd6-a0a4-d5bfb8da893a,8.353525876998901,4.80436972088115e-05,5.751307641375469e-06,42.5,4.0804198085141055,11.880045890808104,9.860757986704509e-05,9.463896460001203e-06,2.7526821229074205e-05,0.0001355982975561,The Netherlands,NLD,overijssel,,,Windows-11-10.0.22631-SP0,3.12.4,2.4.2,20,13th Gen Intel(R) Core(TM) i7-13700H,1,1 x NVIDIA RTX A500 Laptop GPU,6.8799,52.2203,31.68012237548828,machine,N,1.0
2024-06-16T20:54:46,codecarbon,e189eba2-0722-4c9c-8f87-ea7f9b5efcc3,0.0965631008148193,8.207935609517274e-07,8.500074604333355e-06,42.5,36.16580433959516,11.880045890808104,1.1399810512860615e-06,9.330563019993576e-07,2.435664048797056e-07,2.316603758165125e-06,The Netherlands,NLD,overijssel,,,Windows-11-10.0.22631-SP0,3.12.4,2.4.2,20,13th Gen Intel(R) Core(TM) i7-13700H,1,1 x NVIDIA RTX A500 Laptop GPU,6.8799,52.2203,31.68012237548828,machine,N,1.0
2024-06-16T20:54:51,codecarbon,fe006e0a-21e6-4427-b2af-5b6ed9179d64,0.2474853992462158,2.062816199909715e-06,8.33510262097313e-06,42.5,31.256633154395274,11.880045890808104,2.921702629990048e-06,2.11833502800074e-06,7.820447613372985e-07,5.822082419328086e-06,The Netherlands,NLD,overijssel,,,Windows-11-10.0.22631-SP0,3.12.4,2.4.2,20,13th Gen Intel(R) Core(TM) i7-13700H,1,1 x NVIDIA RTX A500 Laptop GPU,6.8799,52.2203,31.68012237548828,machine,N,1.0
2024-06-16T21:44:10,codecarbon,10192c44-3647-402d-859f-0b94bf807515,0.4373469352722168,4.057782127042769e-06,9.27817665972003e-06,42.5,40.65890294830346,11.880045890808104,5.151276621553633e-06,4.894448359998513e-06,1.4069395769060595e-06,1.1452664558458203e-05,The Netherlands,NLD,overijssel,,,Windows-11-10.0.22631-SP0,3.12.4,2.4.2,20,13th Gen Intel(R) Core(TM) i7-13700H,1,1 x NVIDIA RTX A500 Laptop GPU,6.8799,52.2203,31.68012237548828,machine,N,1.0
2024-06-16T21:44:23,codecarbon,6e3deac7-1086-4fd9-bb22-6c691e450a7b,8.201743841171265,4.7003294748136594e-05,5.730890364094108e-06,42.5,3.865220708000476,11.880045890808104,9.6826142569383e-05,8.802784820001117e-06,2.7032943317079985e-05,0.0001326618707064,The Netherlands,NLD,overijssel,,,Windows-11-10.0.22631-SP0,3.12.4,2.4.2,20,13th Gen Intel(R) Core(TM) i7-13700H,1,1 x NVIDIA RTX A500 Laptop GPU,6.8799,52.2203,31.68012237548828,machine,N,1.0
2024-06-16T21:44:28,codecarbon,ba22d3f8-2073-44ad-be88-6fc267d4d1ff,0.0825002193450927,1.7885501158235529e-06,2.1679337703845004e-05,42.5,179.49010596518676,11.880045890808104,9.503430790371366e-07,3.865003091999344e-06,2.326489852354522e-07,5.0479951562719336e-06,The Netherlands,NLD,overijssel,,,Windows-11-10.0.22631-SP0,3.12.4,2.4.2,20,13th Gen Intel(R) Core(TM) i7-13700H,1,1 x NVIDIA RTX A500 Laptop GPU,6.8799,52.2203,31.68012237548828,machine,N,1.0
2024-06-16T21:44:33,codecarbon,e47bbc99-820b-432f-88e8-08f97a3ad2d5,0.2363526821136474,2.3713127344053835e-06,1.0032941928982068e-05,42.5,49.75894380759552,11.880045890808104,2.778441872861651e-06,3.183891436000022e-06,7.304482304313827e-07,6.692781539293055e-06,The Netherlands,NLD,overijssel,,,Windows-11-10.0.22631-SP0,3.12.4,2.4.2,20,13th Gen Intel(R) Core(TM) i7-13700H,1,1 x NVIDIA RTX A500 Laptop GPU,6.8799,52.2203,31.68012237548828,machine,N,1.0
2024-06-17T20:41:10,codecarbon,0cacfed3-9b60-4b60-812b-06ab9604e4e1,1.850205898284912,9.690358738644985e-06,5.237448841573616e-06,42.5,2.62302288857314,11.880045890808104,2.180717339118322e-05,1.010278586011104e-06,4.5325694409604e-06,2.735002141815473e-05,The Netherlands,NLD,overijssel,,,Windows-11-10.0.22631-SP0,3.12.4,2.4.2,20,13th Gen Intel(R) Core(TM) i7-13700H,1,1 x NVIDIA RTX A500 Laptop GPU,6.8799,52.2203,31.68012237548828,machine,N,1.0
2024-06-17T20:41:33,codecarbon,bc921d70-4d92-4cec-b368-d09557d15d76,17.998454809188843,9.512420505636716e-05,5.285131755188391e-06,42.5,12.81686353622853,11.880045890808104,0.0002124345365497,3.119169161999724e-06,5.292438842742399e-05,0.0002684780941392,The Netherlands,NLD,overijssel,,,Windows-11-10.0.22631-SP0,3.12.4,2.4.2,20,13th Gen Intel(R) Core(TM) i7-13700H,1,1 x NVIDIA RTX A500 Laptop GPU,6.8799,52.2203,31.68012237548828,machine,N,1.0
2024-06-17T20:41:39,codecarbon,ff2e17a2-2bdc-45af-9921-b1c9467a60fd,0.1813476085662841,1.0255655490182644e-06,5.655247163865472e-06,42.5,4.391780003960265,11.880045890808104,2.117201354768541e-06,2.1694461800614293e-07,5.604052495150806e-07,2.8945512222897645e-06,The Netherlands,NLD,overijssel,,,Windows-11-10.0.22631-SP0,3.12.4,2.4.2,20,13th Gen Intel(R) Core(TM) i7-13700H,1,1 x NVIDIA RTX A500 Laptop GPU,6.8799,52.2203,31.68012237548828,machine,N,1.0
2024-06-17T20:41:45,codecarbon,d55868d7-05c6-437c-825d-48b707341cab,1.1980185508728027,7.05638948448612e-06,5.890050266204366e-06,42.5,5.654858924604377,11.880045890808104,1.4131483932336172e-05,1.8755570559830792e-06,3.908878405447543e-06,1.9915919393766795e-05,The Netherlands,NLD,overijssel,,,Windows-11-10.0.22631-SP0,3.12.4,2.4.2,20,13th Gen Intel(R) Core(TM) i7-13700H,1,1 x NVIDIA RTX A500 Laptop GPU,6.8799,52.2203,31.68012237548828,machine,N,1.0
2024-06-17T22:13:50,codecarbon,9e65ee55-86d3-4759-9a85-abe29eaf51e2,1.813406229019165,9.497184507162248e-06,5.237207391914101e-06,42.5,2.6658656165954326,11.880045890808104,2.138393802775277e-05,9.980563540068488e-07,4.422813024098673e-06,2.6804807405858293e-05,The Netherlands,NLD,overijssel,,,Windows-11-10.0.22631-SP0,3.12.4,2.4.2,20,13th Gen Intel(R) Core(TM) i7-13700H,1,1 x NVIDIA RTX A500 Laptop GPU,6.8799,52.2203,31.68012237548828,machine,N,1.0
2024-06-17T22:14:12,codecarbon,001c830c-5497-458f-9cb0-59842cf8d9fc,16.536351680755615,0.0001753159971266,1.0601854660037356e-05,42.5,0.0,11.880045890808104,0.0003899996052185,2.4358352819914275e-06,0.000102375577923,0.0004948110184235,The Netherlands,NLD,overijssel,,,Windows-11-10.0.22631-SP0,3.12.4,2.4.2,20,13th Gen Intel(R) Core(TM) i7-13700H,1,1 x NVIDIA RTX A500 Laptop GPU,6.8799,52.2203,31.68012237548828,machine,N,1.0
2024-06-17T22:14:17,codecarbon,d9855c6e-c888-42e7-b397-47f33e93a649,0.1538536548614502,8.735221625121096e-07,5.677617235019489e-06,42.5,5.022609292921818,11.880045890808104,1.792465150356293e-06,2.0833350000692974e-07,4.646260566357796e-07,2.4654247069990023e-06,The Netherlands,NLD,overijssel,,,Windows-11-10.0.22631-SP0,3.12.4,2.4.2,20,13th Gen Intel(R) Core(TM) i7-13700H,1,1 x NVIDIA RTX A500 Laptop GPU,6.8799,52.2203,31.68012237548828,machine,N,1.0
2024-06-17T22:14:24,codecarbon,9cb744a1-4cce-482c-9ee8-51d79ba429a4,1.6632671356201172,8.696063719769391e-06,5.228302497858969e-06,42.5,3.648558450672908,11.880045890808104,1.9612042440308464e-05,1.1661120439959705e-06,3.7655735038905888e-06,2.4543727988195024e-05,The Netherlands,NLD,overijssel,,,Windows-11-10.0.22631-SP0,3.12.4,2.4.2,20,13th Gen Intel(R) Core(TM) i7-13700H,1,1 x NVIDIA RTX A500 Laptop GPU,6.8799,52.2203,31.68012237548828,machine,N,1.0
2024-06-17T22:46:11,codecarbon,d11552cd-3089-417b-b482-efd4cd4e0d2f,1.9772071838378904,1.0325438515856282e-05,5.2222339673144015e-06,42.5,2.5480134177701173,11.880045890808104,2.331229514545865e-05,1.0363897179899162e-06,4.793782632032162e-06,2.914246749548073e-05,The Netherlands,NLD,overijssel,,,Windows-11-10.0.22631-SP0,3.12.4,2.4.2,20,13th Gen Intel(R) Core(TM) i7-13700H,1,1 x NVIDIA RTX A500 Laptop GPU,6.8799,52.2203,31.68012237548828,machine,N,1.0
2024-06-17T22:46:39,codecarbon,77b1176d-f302-4098-8915-271d0ae637b2,18.0802857875824,9.70063675108021e-05,5.365311624522352e-06,42.5,9.104570203164704,11.880045890808104,0.0002133996791309,4.56222587200128e-06,5.5828395302127466e-05,0.0002737903003051,The Netherlands,NLD,overijssel,,,Windows-11-10.0.22631-SP0,3.12.4,2.4.2,20,13th Gen Intel(R) Core(TM) i7-13700H,1,1 x NVIDIA RTX A500 Laptop GPU,6.8799,52.2203,31.68012237548828,machine,N,1.0
2024-06-17T22:46:48,codecarbon,8273bc69-7dcf-4fa2-aa77-1b3263b72f1a,0.6833076477050781,3.696832154853776e-06,5.410201637973416e-06,42.5,1.024094577841174,11.880045890808104,8.037089473671384e-06,1.933334879966609e-07,2.203498149152665e-06,1.0433921110820711e-05,The Netherlands,NLD,overijssel,,,Windows-11-10.0.22631-SP0,3.12.4,2.4.2,20,13th Gen Intel(R) Core(TM) i7-13700H,1,1 x NVIDIA RTX A500 Laptop GPU,6.8799,52.2203,31.68012237548828,machine,N,1.0
2024-06-17T22:46:58,codecarbon,5db9bf01-5ea8-4cb4-9967-e6f3773a6063,1.522575855255127,7.913334290364245e-06,5.197333363097542e-06,42.5,3.881888093635719,11.880045890808104,1.7951210671001014e-05,1.0897230939971303e-06,3.2936224849538577e-06,2.2334556249952004e-05,The Netherlands,NLD,overijssel,,,Windows-11-10.0.22631-SP0,3.12.4,2.4.2,20,13th Gen Intel(R) Core(TM) i7-13700H,1,1 x NVIDIA RTX A500 Laptop GPU,6.8799,52.2203,31.68012237548828,machine,N,1.0
2024-06-17T23:55:54,codecarbon,c5b528aa-3443-4d4a-b71c-62fc010974be,1.5132362842559814,8.458046012173412e-06,5.589375631666149e-06,42.5,2.713615656431573,11.880045890808104,1.780931221114265e-05,1.1333342400110524e-06,4.929301515658911e-06,2.387194796681261e-05,The Netherlands,NLD,overijssel,,,Windows-11-10.0.22631-SP0,3.12.4,2.4.2,20,13th Gen Intel(R) Core(TM) i7-13700H,1,1 x NVIDIA RTX A500 Laptop GPU,6.8799,52.2203,31.68012237548828,machine,N,1.0
2024-06-17T23:56:19,codecarbon,bfa62b58-79cb-486a-8ab9-be941dd17fe4,18.696171045303345,0.0001014913471079,5.428456279203741e-06,42.5,9.305402272222524,11.880045890808104,0.0002205759205751,7.986673056015192e-06,5.7886091296195445e-05,0.0002864486849274,The Netherlands,NLD,overijssel,,,Windows-11-10.0.22631-SP0,3.12.4,2.4.2,20,13th Gen Intel(R) Core(TM) i7-13700H,1,1 x NVIDIA RTX A500 Laptop GPU,6.8799,52.2203,31.68012237548828,machine,N,1.0
2024-06-17T23:56:26,codecarbon,17d12f68-c9cf-45d5-a9ff-b8810b9097c6,0.7286190986633301,3.936305057799406e-06,5.402418170235526e-06,42.5,1.198885149932102,11.880045890808104,8.57321537203259e-06,2.391668579987405e-07,2.2974260384557965e-06,1.1109808268487128e-05,The Netherlands,NLD,overijssel,,,Windows-11-10.0.22631-SP0,3.12.4,2.4.2,20,13th Gen Intel(R) Core(TM) i7-13700H,1,1 x NVIDIA RTX A500 Laptop GPU,6.8799,52.2203,31.68012237548828,machine,N,1.0
2024-06-17T23:56:34,codecarbon,15c0449b-7712-4230-aa85-eb7a0036adeb,1.3455932140350342,7.541705394834775e-06,5.604743927192856e-06,42.5,2.764458142819371,11.880045890808105,1.5873608820968204e-05,1.0294452680026378e-06,4.382618571996772e-06,2.1285672660967614e-05,The Netherlands,NLD,overijssel,,,Windows-11-10.0.22631-SP0,3.12.4,2.4.2,20,13th Gen Intel(R) Core(TM) i7-13700H,1,1 x NVIDIA RTX A500 Laptop GPU,6.8799,52.2203,31.68012237548828,machine,N,1.0
